,Acc,AUC,F1_Score
lr,58.51950018932222,0.22220777713394102,0.6250137927889496
dt,68.34532374100719,0.41399085655595746,0.6548916520219589
rf,49.33737220749716,0.22360209008824983,0.5262358385496892
mlp,59.219992427110945,0.2710663530678272,0.6507780719535001
svm,55.480878455130636,0.22673741629347,0.6069604994743469
