,DCR between Real and Fake (5th perc),DCR within Real(5th perc),DCR within Fake (5th perc),NNDR between Real and Fake (5th perc),NNDR within Real (5th perc),NNDR within Fake (5th perc)
0,0.3620511335173852,0.05607554323091555,0.04426436649555663,0.8783520180371417,0.3366076251655236,0.40083145837964473
