,DCR between Real and Fake (5th perc),DCR within Real(5th perc),DCR within Fake (5th perc),NNDR between Real and Fake (5th perc),NNDR within Real (5th perc),NNDR within Fake (5th perc)
0,0.5417699727257298,0.05607554323091555,0.11786157637134755,0.7643973199121754,0.3366076251655236,0.4687452932654311
