,Acc,AUC,F1_Score
lr,1.7228322605073743,0.004121406608451839,0.017181712828512996
dt,13.120030291556233,0.08268919485084825,0.13011146245554117
rf,1.8174933737220869,0.00029684680319097545,0.01783140708440878
mlp,0.5395683453237439,0.0001579368492290456,0.005392753738386991
svm,0.359712230215834,2.9967947909437243e-05,0.0035929242832813957
