,Acc,AUC,F1_Score
lr,2.1016093404859646,0.008790711462384415,0.021082381905832226
dt,10.618491637740618,0.06968157912590534,0.10403515982468425
rf,2.7832123698327536,0.0006488276190248499,0.027676631874246738
mlp,2.1915430735247696,0.0002561270936940474,0.02218539578724288
svm,1.7560744714421048,0.0010012429388508437,0.017450194902635774
