,Acc,AUC,F1_Score
lr,19.324708109813827,0.10463479425974265,0.19469525188191206
dt,32.918901861786054,0.309173920892842,0.3207331047798805
rf,20.233512148942893,0.12215137764377915,0.2037660974956903
mlp,10.047333543704639,0.05664851503071555,0.1029695488725586
svm,15.399179551909114,0.04951385125143337,0.154446827604926
