,DCR between Real and Fake (5th perc),DCR within Real(5th perc),DCR within Fake (5th perc),NNDR between Real and Fake (5th perc),NNDR within Real (5th perc),NNDR within Fake (5th perc)
0,0.49824598952675053,0.05607554323091555,0.11300725111149977,0.768364700753728,0.3366076251655236,0.4346547889568361
