,DCR between Real and Fake (5th perc),DCR within Real(5th perc),DCR within Fake (5th perc),NNDR between Real and Fake (5th perc),NNDR within Real (5th perc),NNDR within Fake (5th perc)
0,0.7822983765581957,0.055052898347423204,0.19385867882552477,0.7696906590851182,0.33470385699691774,0.4883092086499462
